User, Item, Rating, App, Data, Ease
1000,60,4,4,4,4
1000,41,4,4,4,4
1000,49,4,4,4,4
1000,45,1,2,2,2
1001,25,4,5,4,4
1001,48,3,2,3,2
1001,47,2,3,2,3
1001,60,2,2,2,2
1002,43,2,5,5,3
1002,38,3,4,3,5
1002,32,2,3,3,3
1002,40,2,4,4,3
1002,60,5,4,4,3
1002,23,1,2,3,3
1002,30,4,4,3,3
1002,21,4,4,5,4
1002,58,5,5,5,4
1002,33,5,4,4,4
1002,34,2,3,3,3
1002,23,3,4,4,4
1002,51,4,3,4,4
1002,52,2,3,3,3
1002,62,5,4,4,4
1003,52,2,3,4,4
1003,48,2,3,4,4
1003,44,2,4,4,4
1003,54,5,5,5,4
1004,21,5,5,4,3
1004,53,1,2,3,1
1004,30,4,5,3,3
1004,34,1,2,3,1
1005,25,2,2,3,3
1005,32,2,2,3,3
1005,23,2,2,3,3
1005,32,3,2,3,2
1005,65,5,5,5,4
1005,28,2,2,2,2
1005,40,3,2,3,3
1005,22,2,2,3,3
1005,30,5,4,5,4
1005,39,2,2,2,2
1005,25,2,2,2,3
1005,47,4,3,3,3
1005,41,5,4,4,3
1006,32,5,5,5,4
1006,30,2,1,2,1
1006,32,5,5,5,4
1006,40,5,5,5,4
1006,43,5,5,5,4
1006,60,5,5,5,4
1006,23,5,5,5,4
1006,30,2,1,2,1
1006,28,2,1,2,1
1006,60,5,5,5,4
1006,35,2,1,2,1
1007,53,2,5,4,3
1007,62,5,5,4,4
1007,29,2,5,4,4
1007,21,5,4,5,4
1007,29,5,5,4,5
1007,38,5,5,5,5
1007,39,5,5,4,4
1007,69,5,5,5,5
1007,55,4,5,4,4
1007,30,2,5,4,3
1007,35,2,5,5,4
1007,49,3,5,4,4
1007,48,3,5,4,4
1007,52,2,4,5,4
1007,63,5,5,5,4
1007,49,5,5,4,4
1007,30,4,5,4,5
1008,70,5,5,5,3
1008,33,4,4,3,5
1008,24,1,2,2,1
1008,39,3,4,4,1
1009,21,4,4,4,4
1009,70,5,4,4,4
1009,53,2,2,2,2
1009,22,2,2,2,2
1009,44,1,2,1,2
1009,63,2,2,2,2
1009,34,5,4,4,4
1010,28,5,5,4,4
1010,30,5,4,4,4
1010,40,5,5,4,4
1010,27,2,3,3,3
1011,37,1,1,1,1
1011,44,1,1,1,1
1011,49,4,3,3,3
1011,21,3,2,3,2
1012,28,4,4,5,5
1012,40,4,5,5,5
1012,45,2,3,4,4
1012,30,5,5,5,4
1013,31,2,2,3,2
1013,31,2,2,3,2
1013,63,5,5,4,5
1013,27,4,4,5,5
1013,58,1,2,2,2
1013,27,4,4,5,5
1013,21,5,4,4,4
1013,63,5,5,4,5
1014,69,4,3,3,3
1014,35,4,3,4,2
1014,36,2,3,2,3
1014,42,4,3,4,3
1014,26,5,3,3,3
1014,60,4,4,3,4
1014,33,4,4,3,3
1014,53,2,3,3,2
1014,21,4,3,2,3
1014,40,5,4,3,3
1015,57,5,3,5,4
1015,63,5,4,5,5
1015,21,2,3,3,5
1015,67,5,5,5,5
1016,33,4,4,4,4
1016,46,4,4,4,4
1016,36,1,1,1,1
1016,67,1,1,1,1
1017,26,1,1,1,1
1017,36,5,5,5,3
1017,33,1,1,1,1
1017,49,5,5,5,3
1017,25,5,5,5,3
1017,36,4,4,4,4
1017,21,5,5,5,5
1017,49,5,5,5,5
1017,30,5,5,5,3
1017,21,5,5,5,3
1017,32,5,5,5,3
1017,35,2,2,2,2
1017,23,2,2,2,2
1018,30,5,4,5,4
1018,66,4,3,3,3
1018,70,4,4,4,4
1018,44,2,2,3,3
1018,28,4,4,5,4
1019,67,5,5,4,3
1019,28,4,3,3,3
1019,29,2,4,3,3
1019,27,3,3,2,4
1019,21,2,3,3,3
1020,60,5,4,5,4
1020,41,4,4,5,4
1020,23,4,5,5,3
1020,57,5,4,4,4
1020,38,4,5,4,3
1020,49,5,4,4,4
1020,25,4,5,4,4
1020,25,4,5,5,4
1020,23,4,3,3,3
1020,34,2,3,2,2
1020,62,5,5,5,5
1020,31,5,5,5,5
1020,40,4,5,5,4
1020,68,1,1,1,1
1020,39,5,4,4,4
1020,58,4,5,5,4
1020,35,4,3,4,4
1020,33,4,4,5,3
1020,67,1,1,3,3
1020,35,4,5,5,4
1020,28,4,5,4,4
1020,37,4,3,3,3
1020,31,5,5,4,5
1020,69,4,5,5,4
1020,62,4,4,5,4
1020,21,4,5,5,4
1020,32,4,5,4,4
1020,64,3,2,5,5
1021,39,4,4,4,4
1021,70,5,4,4,4
1021,70,5,4,4,4
1021,39,4,4,4,4
1022,64,1,1,1,4
1022,66,2,2,3,2
1022,67,4,3,4,4
1022,33,2,2,2,4
1022,30,5,5,4,4
1022,21,3,3,3,2
1022,29,1,1,1,5
1023,50,5,4,5,4
1023,62,5,4,5,5
1023,69,5,5,5,5
1023,24,2,2,2,2
1023,59,5,5,5,5
1023,27,5,5,5,4
1023,56,5,5,5,5
1023,66,5,5,5,5
1023,22,3,3,3,3
1023,41,5,5,5,5
1023,37,4,4,5,4
1023,61,5,5,5,4
1023,21,5,5,5,4
1023,23,2,2,2,2
1023,49,4,5,5,4
1024,57,5,5,5,3
1024,35,4,3,4,3
1024,31,5,5,5,2
1024,50,4,4,4,2
1024,67,5,5,5,4
1024,43,5,5,5,2
1024,68,5,5,5,3
1024,66,4,3,3,3
1024,26,4,3,3,2
1024,22,3,3,3,3
1024,34,3,4,5,3
1024,38,4,4,2,3
1024,61,4,3,3,3
1024,32,4,3,3,3
1024,40,4,3,3,2
1024,45,5,4,4,3
1024,62,5,5,5,3
1024,51,5,5,5,3
1024,23,4,4,4,3
1024,65,5,5,5,3
1024,37,5,3,4,3
1024,54,5,5,5,2
1024,47,4,4,4,4
1024,48,4,4,4,3
1024,21,5,4,4,2
1024,60,5,5,5,2
1024,27,1,2,2,2
1024,42,5,5,5,3
1024,25,5,5,5,3
1024,44,4,3,3,4
1024,56,5,5,5,3
1024,36,4,4,5,2
1025,25,5,4,4,4
1025,42,2,3,3,4
1025,33,4,3,4,4
1025,48,2,3,3,3
1026,32,5,5,4,4
1026,39,2,3,2,2
1026,22,1,1,2,2
1026,56,4,4,4,4
1027,64,2,1,2,3
1027,64,2,4,4,3
1027,27,2,2,2,2
1027,56,3,4,4,4
1027,38,4,4,4,5
1027,68,2,1,2,2
1027,32,4,5,4,4
1027,40,4,3,4,5
1027,69,5,5,5,4
1027,48,2,3,3,2
1027,28,2,3,1,3
1027,27,2,4,4,3
1027,30,1,1,2,3
1028,44,5,5,5,5
1028,33,1,1,2,2
1028,39,2,3,1,2
1028,49,2,3,2,2
1028,46,5,5,5,5
1028,69,5,5,5,5
1028,61,5,5,5,5
1028,51,5,5,5,5
1028,25,5,5,5,5
1028,40,5,5,5,5
1029,49,5,5,4,4
1029,34,2,4,2,3
1029,46,2,2,2,2
1029,63,4,4,4,3
1029,21,4,3,4,3
1029,61,5,4,4,4
1029,44,1,2,1,3
1029,60,3,3,3,3
1029,69,4,4,4,4
1029,51,4,3,3,3
1029,68,1,1,2,2
1029,40,4,3,3,3
1029,26,4,4,3,4
1029,40,5,5,4,4
1029,35,4,4,4,3
1029,37,5,5,5,4
1029,27,5,5,5,5
1029,30,4,4,4,4
1029,32,5,5,5,4
1031,21,3,3,3,3
1031,25,4,4,4,4
1031,22,1,1,1,1
1031,40,1,1,1,1
1031,25,4,4,4,4
1031,33,1,1,1,1
1031,41,5,5,5,3
1031,41,5,5,5,3
1032,30,5,5,4,3
1032,42,5,5,4,4
1032,38,4,4,5,5
1032,31,2,1,3,2
1032,24,1,1,1,1
1032,23,4,5,4,4
1032,26,4,4,5,5
1033,56,5,5,4,4
1033,38,2,1,2,2
1033,21,5,5,4,4
1033,68,2,1,3,2
1035,30,1,3,3,1
1035,38,4,4,5,5
1035,40,5,5,5,4
1035,36,2,3,1,1
1035,61,5,4,5,4
1036,30,2,1,2,1
1036,31,2,1,1,2
1036,57,5,5,4,4
1036,30,2,1,2,1
1036,69,4,5,4,4
1036,70,4,5,4,3
1036,69,4,5,4,4
1036,24,3,2,2,3
1036,64,2,1,2,2
1036,70,4,5,4,3
1036,63,3,4,3,3
1036,40,4,4,3,4
1036,57,5,5,4,4
1036,63,3,4,3,3
1036,37,2,3,3,3
1036,37,2,3,3,3
1036,44,2,2,2,1
1037,66,1,3,4,4
1037,36,4,3,3,4
1037,64,1,2,3,4
1037,55,1,2,2,4
1038,52,1,2,2,5
1038,21,5,1,2,4
1038,51,2,3,3,5
1038,40,4,4,2,4
1039,39,5,5,5,4
1039,27,1,1,2,1
1039,45,2,1,2,1
1039,56,5,5,5,4
1040,29,2,2,1,1
1040,31,1,2,1,1
1040,66,5,5,5,3
1040,23,5,5,5,4
1040,23,3,4,4,4
1040,25,1,1,1,1
1040,24,2,4,5,4
1040,32,4,3,3,4
1042,45,2,4,3,3
1042,35,1,1,2,1
1042,42,5,3,4,4
1042,36,5,4,4,5
1042,34,2,2,3,2
1042,51,5,5,4,4
1042,33,1,2,2,1
1042,41,4,4,5,4
1043,37,4,3,3,3
1043,49,4,3,4,3
1043,64,2,3,4,4
1043,35,2,4,3,3
1044,59,3,3,3,3
1044,48,2,2,2,2
1044,23,4,4,4,4
1044,49,4,3,3,3
1044,27,2,3,2,2
1044,68,1,1,1,1
1044,64,1,1,1,2
1044,36,4,4,5,4
1044,23,5,4,4,5
1044,24,2,2,3,2
1044,42,5,5,5,5
1044,21,5,4,4,5
1044,30,5,5,5,5
1044,55,3,3,3,3
1044,49,5,5,5,4
1045,45,2,4,3,3
1045,31,4,4,4,3
1045,38,4,3,3,3
1045,43,4,3,4,3
1045,33,4,4,3,4
1045,34,2,3,3,4
1048,45,4,4,4,4
1048,68,2,2,1,3
1048,21,4,4,4,2
1048,69,4,3,2,3
1048,70,4,2,4,4
1048,60,5,4,4,2
1048,26,5,4,4,4
1048,47,4,3,1,2
1048,31,1,1,1,1
1048,38,4,5,3,3
1048,27,5,3,2,2
1048,50,5,4,1,2
1048,23,1,3,1,1
1048,58,5,4,4,4
1048,64,1,1,1,2
1048,34,5,4,4,4
1048,22,5,5,2,2
1048,67,5,4,4,3
1051,69,4,4,3,3
1051,62,4,4,3,4
1051,43,2,1,1,1
1051,22,4,4,3,3
1051,30,4,3,2,3
1051,49,4,2,4,3
1051,59,4,4,3,3
1051,63,4,4,3,3
1051,49,5,5,4,3
1051,52,5,4,3,4
1051,21,4,4,3,3
1051,39,1,2,2,2
1051,70,4,4,3,4
1051,25,1,4,3,3
1052,37,1,2,1,2
1052,69,5,5,5,5
1052,44,2,3,2,1
1052,49,4,4,4,4
1052,70,4,4,3,4
1053,37,1,2,3,3
1053,21,3,4,4,3
1053,69,4,4,4,3
1053,23,1,2,3,3
1054,29,2,3,2,3
1054,21,2,3,2,3
1054,26,4,4,5,5
1054,68,3,2,3,2
1054,30,5,5,5,5
1054,36,4,5,4,4
1054,22,3,2,2,2
1055,41,5,5,5,4
1055,40,5,5,5,3
1055,34,2,2,2,2
1055,46,2,2,2,2
1056,63,4,5,4,5
1056,47,4,5,5,4
1056,60,2,3,4,5
1056,57,5,4,5,4
1058,57,4,4,5,4
1058,25,4,3,3,1
1058,68,2,3,2,4
1058,37,2,3,4,5
1060,67,1,1,1,1
1060,39,1,2,1,1
1060,36,4,4,4,4
1060,67,1,1,1,1
1060,27,2,2,2,2
1060,36,4,4,4,4
1060,39,1,2,1,1
1060,32,5,5,5,4
1060,52,4,4,4,5
1060,49,5,5,5,5
1060,23,2,1,2,1
1060,52,4,4,4,5
1060,23,2,1,2,1
1060,68,1,1,2,2
1061,28,2,3,2,1
1061,21,4,4,5,4
1061,22,2,3,2,2
1061,40,5,4,5,4
1062,23,2,2,2,2
1062,21,3,4,5,3
1062,25,4,5,5,5
1062,23,2,2,2,2
1062,33,5,3,5,4
1062,22,2,2,2,2
1062,26,2,2,2,2
1062,25,4,5,5,5
1063,43,4,4,4,4
1063,64,1,1,3,2
1063,27,5,5,4,4
1063,34,4,4,4,4
1063,38,4,4,4,4
1063,60,4,4,3,3
1063,22,5,5,4,4
1063,44,5,5,4,4
1063,52,1,1,3,3
1063,30,4,4,4,4
1063,21,4,4,4,4
1063,27,5,5,3,3
1063,30,4,5,3,3
1063,45,4,3,4,4
1063,21,4,4,3,3
1063,59,5,5,4,4
1063,46,4,4,4,4
1063,37,4,4,3,3
1063,57,5,5,4,4
1063,36,4,4,3,3
1063,41,4,4,4,4
1063,62,1,1,3,2
1063,42,4,5,4,4
1063,23,4,4,3,3
1063,40,5,5,3,3
1063,53,5,5,4,4
1064,34,4,5,5,5
1064,50,3,3,3,3
1064,32,5,4,5,5
1064,49,3,2,3,2
1065,30,5,5,5,3
1065,69,5,5,5,3
1065,46,5,5,5,3
1065,29,1,1,2,3
1065,21,5,5,5,3
1065,62,5,5,5,3
1065,55,5,5,5,3
1065,25,5,5,5,3
1066,64,1,1,1,3
1066,26,4,4,3,1
1066,61,4,4,4,2
1066,34,1,2,2,4
1066,21,1,2,2,3
1066,43,4,4,3,1
1067,33,4,3,2,2
1067,31,5,5,1,4
1067,51,5,4,4,3
1067,22,3,4,2,2
1067,25,3,4,2,3
1067,70,4,4,3,2
1067,56,3,2,1,1
1067,45,1,1,1,1
1067,47,3,3,3,2
1067,40,5,5,5,5
1067,59,3,5,5,5
1067,43,4,5,3,4
1067,66,1,3,3,3
1067,27,3,4,3,4
1067,62,5,4,3,2
1067,28,2,3,3,4
1067,52,1,3,2,3
1068,27,1,1,3,1
1068,21,4,5,4,4
1068,21,5,4,4,4
1068,38,5,5,4,4
1068,30,5,5,5,4
1068,25,2,1,2,1
1068,58,5,5,5,5
1068,30,5,5,4,5
1070,57,3,3,3,3
1070,67,3,3,3,3
1070,31,1,1,2,1
1070,70,1,1,2,1
1070,32,5,4,4,5
1070,32,5,4,4,5
1070,40,4,3,4,4
1070,40,4,3,4,4
1070,63,4,4,3,3
1070,63,4,4,3,3
1070,31,1,1,2,1
1070,67,3,3,3,3
1070,57,3,3,3,3
1073,29,2,4,4,2
1073,49,4,3,3,4
1073,57,2,4,4,2
1073,56,4,5,4,3
1076,40,2,3,3,3
1076,25,5,5,5,4
1076,49,4,4,4,4
1076,29,2,3,3,3
1076,28,5,5,5,4
1076,52,2,3,3,3
1077,27,3,2,2,2
1077,44,5,4,4,4
1077,27,2,2,3,2
1077,56,1,3,2,2
1077,26,5,5,3,4
1077,57,5,5,4,4
1077,65,2,2,3,3
1077,26,5,4,5,4
1077,22,2,2,4,3
1077,55,2,4,4,3
1077,68,3,5,5,4
1077,41,5,4,3,4
1077,44,4,3,4,4
1078,47,1,2,2,2
1078,59,4,5,4,4
1078,30,4,5,4,4
1078,40,5,3,3,4
1078,25,2,1,2,2
1078,49,4,4,4,4
1078,49,4,4,4,4
1078,30,4,5,4,4
1078,69,2,2,2,2
1078,70,4,4,4,4
1078,40,5,3,3,4
1078,33,5,4,4,4
1078,33,5,4,4,4
1079,53,2,1,1,2
1079,48,2,1,1,2
1079,23,2,1,1,2
1079,31,4,5,5,4
1080,33,2,3,3,2
1080,46,4,5,4,3
1080,38,5,5,5,4
1080,25,3,4,3,5
1082,30,4,3,3,2
1082,26,2,3,3,2
1082,59,2,3,3,3
1082,34,2,3,2,3
1082,49,4,3,3,2
1082,26,2,3,3,3
1082,27,2,3,3,2
1082,51,4,4,4,3
1082,29,2,3,3,3
1082,61,4,4,4,3
1082,21,2,3,2,3
1082,61,5,3,3,2
1082,23,2,3,3,3
1083,52,2,1,2,4
1083,21,3,3,3,3
1083,27,3,2,2,3
1083,35,1,2,2,4
1083,47,4,4,4,2
1085,64,1,1,3,3
1085,32,3,4,4,5
1085,57,1,2,3,3
1085,21,4,4,5,5
1086,69,4,4,4,3
1086,23,2,1,2,1
1086,49,4,4,4,4
1086,70,4,3,3,3
1086,54,2,1,1,1
1086,65,4,3,3,3
1087,62,5,4,5,4
1087,33,4,4,4,4
1087,30,4,4,4,5
1087,24,3,3,3,4
1087,27,2,2,2,2
1087,21,3,4,4,3
1087,68,5,4,4,4
1087,34,2,2,2,2
1087,31,5,5,4,4
1089,57,4,4,4,4
1089,33,3,3,4,4
1089,26,4,5,4,4
1089,30,4,4,4,4
1089,41,4,5,5,4
1089,64,5,5,4,4
1089,63,5,5,5,4
1090,47,4,4,4,4
1090,36,5,5,4,4
1090,29,1,3,2,1
1090,30,1,3,2,1
1091,25,4,4,3,3
1091,65,3,4,4,3
1091,21,1,2,2,2
1091,22,2,2,1,1
1092,61,5,5,5,4
1092,65,5,5,5,4
1092,35,3,3,3,3
1092,28,2,1,1,3
1093,22,1,2,2,3
1093,42,4,4,4,5
1093,26,1,1,1,3
1093,49,5,5,4,5
1093,69,5,4,4,5
1094,21,5,4,3,3
1094,33,3,5,5,5
1094,36,1,2,2,2
1094,49,3,4,4,4
1094,24,2,2,2,2
1094,69,4,4,5,5
1095,25,2,1,1,1
1095,41,5,4,4,5
1095,31,5,5,4,5
1095,29,2,1,1,1
1096,29,2,2,3,3
1096,41,5,4,4,4
1096,62,2,2,1,3
1096,21,2,2,2,3
1096,53,1,1,1,3
1096,30,5,4,4,4
1096,60,3,3,3,3
1096,37,1,2,2,3
1096,49,3,3,3,5
1096,28,4,3,3,3
1096,65,4,4,4,4
1096,37,2,2,2,3
1096,45,1,2,1,3
1097,47,5,5,5,3
1097,44,4,3,4,4
1097,32,5,4,4,4
1097,40,2,2,2,5
1097,21,2,2,2,5
1097,26,5,5,5,3
1100,34,4,3,4,3
1100,69,3,2,3,3
1100,49,1,2,2,3
1100,25,2,3,2,3
1101,45,2,2,2,2
1101,30,4,4,4,5
1101,52,3,3,3,2
1101,44,4,4,4,5
1101,33,5,5,4,5
1101,56,1,1,1,1
1102,30,4,5,4,4
1102,41,5,5,5,4
1102,68,1,1,3,1
1102,68,1,1,3,1
1102,30,4,5,4,4
1102,25,4,5,5,4
1102,51,2,1,2,1
1102,38,1,1,3,2
1103,21,5,5,5,4
1103,70,4,3,4,3
1103,29,1,2,2,3
1103,69,4,4,4,4
1103,59,5,5,5,4
1103,40,4,4,4,3
1103,34,2,3,3,4
1103,24,4,3,3,3
1103,45,4,4,3,3
1105,23,1,1,1,1
1105,46,5,5,5,5
1105,26,3,3,3,2
1105,37,1,1,1,1
1105,21,3,4,3,4
1105,47,5,4,5,3
1105,26,3,3,3,3
1105,28,5,3,4,4
1105,38,3,3,3,1
1105,60,4,3,2,2
1105,41,5,4,4,5
1105,57,3,3,2,2
1105,21,5,2,4,1
1105,24,3,3,2,3
1105,42,1,1,1,1
1106,66,3,3,3,3
1106,50,5,5,5,5
1106,58,5,5,5,5
1106,21,5,5,5,4
1106,31,5,5,3,3
1106,22,4,4,5,3
1106,64,3,3,3,3
1107,35,2,4,3,4
1107,67,5,5,5,4
1107,59,3,4,4,4
1107,24,5,4,5,4
1107,35,2,3,3,2
1107,49,5,5,5,3
1107,48,3,4,4,4
1107,24,5,5,5,4
1107,36,5,5,5,4
1107,36,5,5,5,3
1107,29,1,3,3,2
1107,24,5,4,5,3
1107,25,5,5,5,3
1107,34,2,3,3,2
1109,67,4,4,4,2
1109,46,3,5,4,3
1109,69,4,3,4,3
1109,25,4,5,4,3
1109,64,2,2,2,4
1109,63,5,5,4,3
1109,62,1,1,2,1
1109,55,4,5,4,3
1109,69,4,5,4,4
1109,36,1,1,2,1
1110,23,4,5,2,4
1110,70,5,4,4,2
1110,63,1,3,4,3
1110,36,5,4,2,3
1110,69,3,4,4,2
1110,32,1,3,4,3
1110,49,5,5,4,3
1110,40,4,4,4,2
1110,62,1,4,4,4
1111,58,4,4,3,4
1111,47,5,5,4,5
1111,61,4,4,5,3
1111,44,3,3,3,3
1111,33,4,4,4,5
1111,39,2,3,1,1
1111,70,1,2,2,2
1111,67,3,1,1,3
1111,25,5,4,4,4
1111,50,3,2,1,2
1111,51,4,3,4,5
1111,38,2,4,1,2
1111,40,4,4,5,4
1111,35,4,5,5,4
1111,34,5,3,3,2
1111,55,5,4,4,5
1111,38,5,5,3,4
1111,69,5,4,3,3
1111,37,3,4,4,5
1111,21,5,3,2,3
1111,65,3,5,5,5
1111,26,4,3,3,4
1111,28,4,5,4,1
1111,35,2,3,3,3
1111,64,5,3,4,4
1111,29,5,5,4,4
1111,48,4,4,4,5
1113,24,3,2,3,3
1113,56,5,4,5,5
1113,49,5,3,5,5
1113,69,5,5,5,4
1113,50,5,3,4,4
1113,69,5,5,5,4
1113,54,3,2,2,2
1113,21,5,3,5,5
1113,28,3,3,2,3
1113,33,5,4,4,4
1113,70,5,4,5,5
1113,70,5,4,5,5
1113,28,3,3,2,3
1113,44,3,3,3,2
1113,49,5,3,5,5
1113,24,3,2,3,3
1113,44,3,3,3,2
1115,24,2,3,4,4
1115,68,2,2,2,2
1115,28,2,2,2,2
1115,58,4,4,4,4
1115,33,4,4,4,3
1115,54,4,4,4,4
1115,49,4,3,4,4
1115,22,4,4,4,3
1115,64,2,2,2,2
1116,62,5,5,5,3
1116,64,5,5,5,4
1116,60,4,4,5,4
1116,38,2,3,2,3
1116,69,3,2,1,1
1116,49,5,5,4,4
1116,58,5,5,4,4
1116,32,4,4,3,3
1116,38,2,3,2,3
1116,30,5,4,4,4
1116,68,1,2,2,2
1116,69,3,2,1,1
1116,30,5,4,4,4
1116,64,5,5,5,4
1117,24,1,2,1,1
1117,51,2,2,1,1
1117,28,4,4,4,4
1117,39,4,3,4,3
1117,30,5,5,5,4
1117,32,5,4,5,4
1117,48,4,4,4,3
1117,70,4,4,4,4
1117,52,1,2,1,1
1118,58,3,5,5,5
1118,25,2,2,2,2
1118,49,5,4,5,4
1118,33,5,4,4,4
1118,44,2,2,2,2
1118,69,4,4,4,4
1118,65,4,4,4,4
1118,21,2,2,2,2
1119,27,2,2,3,3
1119,31,2,2,2,2
1119,69,3,5,5,3
1119,43,4,5,5,3
1119,21,4,5,5,3
1119,30,4,4,4,3
1119,31,2,2,3,3
1119,67,5,5,5,3
1119,67,4,5,4,3
1119,63,3,5,5,3
1119,49,4,4,4,3
1120,28,5,5,4,4
1120,27,1,2,2,2
1120,29,2,1,2,1
1120,38,4,4,4,5
1120,31,2,2,1,2
1121,49,5,4,3,3
1121,45,5,5,3,3
1121,28,3,3,3,3
1121,21,5,5,3,3
1121,49,5,5,4,3
1121,21,5,5,4,3
1121,26,4,5,4,3
1121,67,1,1,1,1
1121,70,5,5,4,3
1121,50,5,5,4,3
1121,48,1,1,1,1
1121,35,4,5,4,3
1122,24,2,3,2,3
1122,51,3,2,2,2
1122,40,4,4,4,2
1122,22,4,3,4,3
1124,68,3,3,4,3
1124,41,5,5,5,4
1124,40,5,4,5,4
1124,23,3,3,4,3
1124,49,5,5,5,3
1124,45,3,3,4,3
1125,51,1,1,2,3
1125,25,2,1,2,3
1125,65,5,5,4,5
1125,69,5,5,5,5
1127,69,4,5,3,3
1127,22,3,1,5,3
1127,21,3,5,1,3
1127,32,5,5,5,3
1127,26,3,5,1,3
1127,63,5,5,5,3
1127,33,4,5,3,3
1127,25,5,5,5,3
1128,25,4,4,4,4
1128,33,4,4,4,4
1128,37,1,3,4,3
1128,36,2,2,4,3
1128,21,5,4,4,4
1128,32,4,4,4,4
1128,58,5,5,5,4
1128,32,4,4,4,4
1129,65,4,4,3,4
1129,25,1,2,1,2
1129,32,4,4,3,4
1129,53,2,2,1,2
1129,25,1,2,1,2
1129,32,4,4,3,4
1129,21,4,4,4,4
1129,70,5,5,4,5
1129,30,5,5,4,5
1129,30,5,5,4,5
1129,70,5,5,4,5
1130,29,5,5,5,5
1130,26,4,4,4,3
1130,29,2,2,2,2
1130,21,5,5,5,5
1130,38,3,3,4,3
1130,69,3,3,3,3
1130,24,1,1,1,1
1130,44,3,4,3,3
1130,62,1,3,4,1
1130,42,5,5,5,3
1130,47,3,3,3,3
1130,41,5,5,5,3
1130,61,1,3,4,1
1130,21,3,4,3,3
1131,25,4,4,4,3
1131,66,5,3,5,2
1131,44,1,3,3,3
1131,53,1,4,3,1
1131,40,3,4,5,2
1132,44,4,3,3,3
1132,69,2,2,3,2
1132,47,4,4,4,3
1132,29,1,2,3,3
1132,57,5,3,3,3
1132,60,5,4,4,4
1132,38,3,2,2,3
1132,31,3,3,3,4
1133,51,2,1,3,2
1133,57,3,5,2,2
1133,70,5,5,4,4
1133,61,2,1,3,2
1134,56,5,5,3,5
1134,26,1,2,2,2
1134,58,5,5,3,5
1134,63,5,5,4,5
1134,25,4,5,3,4
1134,69,5,5,4,5
1134,23,5,5,4,4
1134,38,1,2,2,3
1134,32,5,5,3,5
1134,27,1,2,2,3
1134,33,5,5,3,5
1134,54,5,5,4,5
1135,32,4,5,4,4
1135,30,3,2,3,3
1135,38,2,2,3,3
1135,32,4,5,4,4
1135,30,3,2,3,3
1135,38,2,2,3,3
1135,49,4,4,4,4
1135,64,2,2,3,3
1137,63,4,3,4,4
1137,70,4,4,4,3
1137,65,5,5,5,3
1137,38,2,2,2,2
1137,22,1,1,1,3
1137,35,4,4,3,3
1137,67,4,5,5,3
1137,27,2,2,2,3
1137,49,4,4,3,4
1137,68,2,4,2,4
1138,30,5,5,5,5
1138,56,4,5,4,4
1138,39,3,3,3,3
1138,32,5,5,4,5
1138,27,1,1,1,1
1139,30,4,4,4,4
1139,21,4,4,4,4
1139,25,1,3,2,2
1139,26,2,3,2,2
1143,27,2,3,3,2
1143,50,2,2,2,2
1143,68,5,5,2,4
1143,21,4,4,4,3
1144,25,5,5,5,5
1144,57,5,5,4,5
1144,24,3,3,4,4
1144,40,3,2,1,2
1144,22,3,3,5,5
1144,70,3,3,4,5
1144,33,4,4,4,4
1144,21,5,4,4,4
1144,41,3,3,3,3
1144,36,5,5,5,5
1144,26,4,4,3,3
1144,63,3,3,4,5
1144,69,3,3,3,4
1144,27,3,2,2,1
1145,28,5,4,5,4
1145,32,5,4,5,3
1145,27,2,2,1,2
1145,35,5,4,5,4
1145,40,2,2,1,2
1145,34,3,3,2,3
1145,51,2,1,4,3
1145,69,5,5,5,3
1147,25,3,2,4,3
1147,23,4,4,3,2
1147,22,1,2,3,3
1147,57,5,4,3,3
1148,46,4,4,4,4
1148,52,1,1,1,2
1148,70,4,5,4,4
1148,25,4,4,4,4
1148,64,4,3,3,3
1148,28,5,4,5,4
1148,69,4,4,5,5
1148,24,2,1,1,1
1148,26,5,5,4,4
1148,49,5,5,5,5
1148,42,5,5,5,5
1149,64,2,2,2,2
1149,57,4,3,3,5
1149,66,4,4,4,5
1149,68,2,3,3,2
1150,25,3,1,1,1
1150,59,3,1,1,1
1150,62,1,1,1,1
1150,65,1,1,1,1
1150,63,1,1,1,1
1152,48,2,1,1,1
1152,21,4,5,4,4
1152,39,2,1,1,1
1152,41,2,1,1,1
1153,64,1,1,2,3
1153,38,5,5,5,4
1153,41,4,4,5,4
1153,34,4,5,5,4
1153,40,5,5,5,4
1153,30,5,5,5,5
1153,23,4,5,5,5
1153,68,2,2,2,2
1153,21,4,5,5,5
1153,69,5,4,5,4
1153,24,1,1,2,2
1153,44,2,2,2,2
1153,44,2,2,2,2
1153,23,4,5,5,5
1153,24,1,1,2,2
1153,46,5,5,5,5
1153,49,5,5,5,4
1153,22,5,4,5,4
1153,38,5,5,5,4
1153,21,4,5,5,5
1153,46,5,5,5,5
1153,34,4,5,5,4
1154,49,5,5,5,5
1154,50,3,3,3,4
1154,30,1,1,2,3
1154,29,1,1,1,2
1154,63,4,4,4,4
1154,40,5,5,5,5
1154,42,5,5,5,5
1154,26,4,4,5,4
1154,25,1,1,2,1
1154,70,4,4,4,4
1155,23,3,1,1,3
1155,40,3,4,5,3
1155,42,1,2,2,2
1155,30,5,3,3,4
1155,30,5,3,3,4
1155,21,4,5,4,5
1155,40,3,4,5,3
1155,59,3,2,3,2
1155,35,1,1,1,1
1155,32,1,1,2,3
1155,30,5,3,3,5
1155,23,3,1,1,3
1155,21,4,4,3,4
1155,21,4,5,4,5
1155,68,1,2,2,2
1155,35,1,1,1,1
1155,59,3,2,3,2
1156,31,5,5,3,4
1156,24,1,1,2,1
1156,36,1,1,2,1
1156,70,5,5,4,4
1156,22,1,1,2,2
1157,44,2,2,2,2
1157,27,1,1,2,3
1157,22,4,4,4,3
1157,51,5,4,4,4
1157,23,2,2,2,2
1157,33,2,4,3,2
1157,21,5,4,4,4
1157,25,3,3,3,2
1158,32,4,4,3,3
1158,46,2,3,2,2
1158,28,3,4,3,4
1158,37,4,4,3,3
1158,27,4,3,3,4
1158,21,5,5,4,3
1158,35,4,3,3,4
1158,30,5,5,4,3
1158,40,4,4,3,3
1159,28,5,5,5,5
1159,40,1,3,2,1
1159,21,5,5,3,4
1159,58,4,5,5,5
1159,35,1,3,2,1
1159,22,1,2,2,1
1159,59,4,4,5,5
1159,25,5,4,3,4
1159,69,5,5,5,5
1159,33,5,4,4,5
1160,61,4,5,5,4
1160,38,4,4,5,4
1160,33,2,3,1,2
1160,47,5,4,4,3
1160,40,3,1,1,1
1160,50,2,2,3,1
1160,36,2,2,2,1
1160,67,4,5,3,4
1160,68,5,4,5,4
1161,64,5,5,4,4
1161,29,3,4,5,5
1161,38,5,5,3,3
1161,30,4,5,5,4
1161,21,5,5,5,4
1161,63,3,4,4,3
1162,69,5,5,5,3
1162,23,2,3,3,1
1162,69,5,5,5,3
1162,48,2,2,3,1
1162,48,2,2,2,1
1162,58,4,4,4,3
1162,25,4,3,4,3
1162,32,4,3,4,3
1162,49,4,4,3,3
1162,48,2,2,3,1
1162,50,2,3,3,1
1162,21,4,4,4,3
1162,28,2,2,2,1
1162,57,4,4,3,3
1162,23,2,3,3,1
1162,63,4,4,3,3
1162,50,2,3,3,1
1162,63,5,5,5,4
1164,70,5,5,5,5
1164,49,5,5,5,5
1164,33,4,4,5,4
1164,32,5,5,3,3
1164,69,5,5,4,5
1164,42,4,4,5,3
1164,38,3,3,5,2
1164,44,2,2,3,3
1164,57,3,3,5,4
1164,46,3,5,3,3
1164,40,5,5,5,4
1164,24,2,3,3,3
1164,63,4,4,5,4
1164,56,3,3,4,3
1164,34,4,4,4,3
1165,35,1,2,1,2
1165,30,4,4,4,4
1165,57,4,3,3,3
1165,34,1,1,2,3
1166,57,3,1,1,3
1166,48,4,4,3,3
1166,56,2,3,3,3
1166,67,3,3,2,3
1166,35,3,3,3,3
1166,22,2,4,4,3
1166,37,4,3,3,3
1168,21,5,5,5,3
1168,24,1,1,4,4
1168,65,5,3,3,4
1168,44,2,1,3,5
1168,49,3,3,5,2
1168,30,5,5,5,3
1168,22,5,5,5,4
1168,69,5,4,5,5
1169,25,2,2,2,2
1169,41,4,4,4,4
1169,58,5,5,4,4
1169,21,2,2,2,2
1170,23,3,3,2,2
1170,62,5,5,5,5
1170,21,5,5,5,5
1170,57,3,2,3,2
1170,38,2,2,2,3
1170,57,3,2,3,2
1170,21,5,5,5,5
1170,40,5,5,5,5
1171,31,2,2,2,2
1171,32,3,2,3,2
1171,33,2,3,2,2
1171,23,5,4,4,3
1171,40,5,4,4,3
1171,25,4,4,3,3
1173,37,5,5,5,4
1173,63,4,4,4,3
1173,46,2,2,2,2
1173,62,4,3,3,4
1173,60,3,3,3,3
1173,61,5,4,4,4
1173,40,4,4,4,4
1173,58,4,4,4,4
1173,49,5,5,5,5
1173,30,5,5,5,5
1173,21,4,4,4,4
1173,68,1,1,2,2
1173,24,1,1,1,2
1173,58,4,3,3,4
1173,51,4,3,3,3
1173,70,2,2,2,3
1173,32,5,5,5,5
1173,27,5,5,5,5
1173,26,4,4,4,4
1173,56,5,5,5,5
1173,33,5,5,5,5
1173,57,4,4,4,4
1173,59,4,4,3,3
1173,32,5,5,5,4
1173,30,4,4,4,4
1173,68,1,1,1,2
1173,29,2,1,2,2
1173,25,5,5,5,5
1173,69,5,5,5,5
1174,48,2,3,3,3
1174,25,4,3,3,3
1174,66,2,3,3,3
1174,55,3,3,3,3
1175,65,4,4,5,4
1175,39,5,5,5,4
1175,48,4,4,4,4
1175,32,4,4,4,4
1175,66,5,5,4,4
1175,22,1,1,1,1
1175,25,1,1,1,1
1175,48,4,4,4,4
1175,22,1,1,1,1
1175,39,5,5,5,4
1175,32,4,4,4,4
1176,25,5,4,4,2
1176,64,1,3,3,4
1176,38,5,4,4,3
1176,66,1,2,3,5
1178,47,4,4,5,4
1178,39,1,2,2,2
1178,23,2,2,2,3
1178,69,5,4,5,4
1178,28,2,2,1,2
1178,22,1,2,1,3
1178,31,5,5,5,3
1178,69,5,4,4,3
1178,45,1,2,1,2
1179,69,5,5,3,3
1179,21,1,2,3,3
1179,26,1,1,2,2
1179,65,4,4,3,3
1180,69,4,4,4,5
1180,29,1,2,2,2
1180,26,4,4,3,4
1180,32,4,5,5,5
1180,24,2,2,3,4
1180,31,2,3,4,4
1180,52,2,2,2,2
1180,69,4,4,5,5
1180,64,4,4,3,4
1180,43,2,3,3,4
1182,46,1,2,1,3
1182,42,5,5,5,5
1182,29,2,3,1,1
1182,36,3,1,2,2
1182,52,1,3,1,3
1182,31,4,5,4,4
1182,60,4,5,5,4
1182,40,4,5,4,4
1182,28,5,5,4,4
1182,64,4,4,3,5
1184,41,4,4,3,3
1184,69,4,4,4,4
1184,31,2,2,2,3
1184,21,5,5,4,3
1184,37,5,5,4,3
1184,49,3,3,3,4
1184,38,3,3,3,3
1184,42,5,5,4,4
1184,57,3,3,3,4
1184,29,5,5,4,4
1184,23,5,5,4,4
1184,56,2,2,2,1
1184,44,1,2,2,2
1184,32,4,4,3,3
1184,36,5,5,4,4
1184,34,2,2,2,1
1184,28,5,5,4,3
1184,43,4,4,4,4
1184,66,3,3,3,4
1184,63,3,3,3,4
1185,39,3,2,1,1
1185,36,4,5,4,4
1185,41,4,4,4,4
1185,29,2,1,1,2
1185,26,5,4,5,5
1185,51,2,3,2,2
1186,21,1,3,2,2
1186,57,4,4,5,4
1186,49,4,5,5,4
1186,34,4,4,5,3
1186,46,5,5,4,5
1186,47,3,3,3,4
1186,68,2,1,2,3
1186,25,4,5,4,3
1186,30,5,5,4,3
1186,26,5,4,3,4
1186,42,4,4,3,3
1186,37,4,4,3,4
1186,36,2,1,2,1
1186,38,3,4,4,3
1186,70,5,5,5,4
1187,40,5,3,4,3
1187,24,2,2,2,2
1187,66,1,2,3,3
1187,38,4,3,3,3
1187,30,5,4,4,3
1187,55,1,2,3,3
1187,65,5,3,4,3
1187,22,5,3,4,3
1187,36,4,3,3,3
1188,40,3,4,3,4
1188,52,1,1,2,2
1188,26,3,4,3,3
1188,25,4,4,4,4
1188,45,2,2,3,2
1188,33,4,4,4,3
1188,56,4,4,4,5
1188,30,5,4,4,4
1189,25,3,3,4,3
1189,43,4,3,3,2
1189,44,2,4,4,4
1189,69,5,5,5,4
1190,27,5,5,5,5
1190,23,3,3,3,3
1190,38,3,3,3,3
1190,29,3,3,3,3
1190,34,5,5,5,5
1190,34,5,5,5,5
1190,21,5,5,5,5
1190,27,5,5,5,5
1191,56,2,3,3,4
1191,26,1,2,3,4
1191,69,4,3,3,4
1191,29,1,2,3,4
1191,33,4,3,3,4
1191,44,2,2,3,4
1192,38,3,4,4,3
1192,56,1,1,1,1
1192,54,3,2,2,3
1192,53,1,1,1,1
1192,49,4,3,4,3
1192,27,1,1,1,1
1192,68,1,1,2,2
1192,31,2,3,2,2
1192,36,3,3,3,3
1192,26,3,4,4,3
1192,24,2,2,2,2
1192,21,4,4,3,3
1192,63,3,5,4,4
1192,57,5,5,5,3
1192,44,5,3,2,3
1192,40,3,1,1,3
1192,23,1,1,1,1
1192,22,1,1,1,1
1192,30,3,3,3,3
1192,35,4,4,4,3
1192,65,4,3,3,3
1192,57,4,3,3,3
1192,70,4,3,3,3
1192,23,1,1,1,1
1192,65,4,5,5,5
1192,64,5,5,5,3
1192,30,3,3,3,3
1192,62,1,1,1,1
1192,34,1,2,2,4
1192,29,2,2,2,2
1192,61,1,1,1,1
1192,32,3,2,3,3
1192,60,4,4,4,4
1193,43,4,4,4,4
1193,64,2,2,2,2
1193,57,2,2,2,2
1193,60,2,2,2,2
1195,21,5,5,5,4
1195,28,3,2,3,3
1195,57,5,5,5,4
1195,31,3,3,3,3
1195,25,3,3,3,3
1196,44,4,3,3,4
1196,22,3,4,4,4
1196,35,3,4,5,5
1196,36,2,5,5,4
1196,24,5,5,4,4
1196,35,2,3,3,3
1196,49,4,4,4,4
1196,34,3,3,4,2
1196,36,3,5,5,5
1196,22,5,4,4,4
1196,29,3,3,4,4
1196,31,2,3,3,3
1196,30,3,4,4,4
1196,24,4,4,4,3
1196,23,5,5,5,4
1196,25,4,4,4,4
1196,33,2,3,2,4
1196,24,5,4,5,5
1196,69,4,4,4,4
1196,23,4,4,4,4
1197,44,3,1,3,3
1197,26,5,3,4,3
1197,50,5,5,5,3
1197,40,5,5,5,3
1199,41,4,5,4,5
1199,40,4,4,5,3
1199,34,1,2,2,1
1199,38,2,2,1,2
1201,38,5,4,5,5
1201,24,3,4,4,4
1201,44,1,2,1,1
1201,26,5,4,3,4
1201,36,5,5,5,5
1201,30,4,5,4,4
1201,56,4,5,4,4
1201,35,4,5,5,4
1202,21,3,3,3,4
1202,25,4,3,3,3
1202,46,2,3,2,3
1202,29,2,2,2,3
1202,29,1,2,2,4
1202,30,4,3,3,3
1202,21,4,4,4,3
1202,25,5,4,4,3
1202,69,2,2,2,3
1202,25,4,4,4,3
1202,36,2,2,2,2
1202,36,1,2,2,3
1202,28,4,4,4,3
1203,56,5,5,4,5
1203,24,3,4,4,4
1203,49,5,5,5,5
1203,38,2,3,3,3
1203,40,5,4,4,5
1204,28,3,3,3,4
1204,21,5,5,5,4
1204,36,2,2,3,2
1204,44,5,5,4,4
1204,40,3,1,2,1
1204,43,3,1,2,1
1204,49,5,4,5,5
1204,32,3,2,2,3
1204,61,1,3,1,2
1204,60,4,3,4,5
1204,53,3,2,2,4
1204,32,5,5,4,4
1204,69,4,3,4,5
1204,47,4,5,5,3
1204,37,2,1,2,3
1205,25,5,5,4,4
1205,47,3,4,4,4
1205,33,4,4,3,3
1205,21,5,4,4,3
1205,49,5,5,3,3
1205,31,5,5,3,3
1205,46,5,5,4,3
1205,46,2,3,3,2
1205,36,4,3,3,3
1205,37,2,3,3,4
1205,44,5,5,4,3
1206,29,2,3,2,3
1206,48,3,3,3,3
1206,27,2,3,2,3
1206,53,3,3,3,3
1206,44,5,5,4,5
1206,57,4,4,3,4
1206,51,4,4,5,4
1206,30,4,4,4,4
1206,22,5,5,5,5
1206,34,2,3,2,3
1206,27,5,5,5,4
1206,64,4,4,4,4
1206,25,5,5,5,4
1207,30,4,4,5,4
1207,64,2,2,2,3
1207,57,5,5,5,5
1207,54,5,5,4,5
1207,46,4,4,5,4
1207,38,4,4,4,4
1207,26,5,5,5,5
1207,61,2,3,2,2
1207,47,5,5,5,4
1207,35,4,5,5,5
1208,26,4,5,4,4
1208,64,5,5,4,4
1208,36,2,1,2,2
1208,32,5,5,4,4
1208,32,5,5,4,4
1208,35,1,1,1,2
1208,36,2,1,2,2
1208,26,4,5,4,4
1208,24,1,1,2,3
1208,37,4,4,3,3
1210,25,4,3,4,3
1210,27,1,1,2,2
1210,31,1,2,2,2
1210,36,5,3,4,3
1210,22,1,1,2,2
1210,35,2,2,1,2
1210,22,1,1,1,2
1210,41,5,4,4,4
1211,49,4,5,3,4
1211,32,4,4,3,3
1211,40,4,4,3,3
1211,70,3,3,2,3
1211,30,4,5,4,4
1211,22,3,3,2,3
1211,32,4,4,3,3
1211,40,4,4,3,3
1211,30,4,5,4,4
1211,70,3,3,2,3
1211,37,3,3,2,3
1211,68,3,3,2,3
1211,27,3,3,2,3
1213,40,5,5,5,4
1213,65,4,4,4,3
1213,64,5,5,5,4
1213,52,5,5,5,3
1213,27,2,3,3,2
1213,59,2,2,3,1
1213,57,5,2,2,3
1213,68,2,2,2,2
1213,21,3,2,2,2
1213,69,5,5,1,4
1215,21,4,3,4,3
1215,61,5,5,5,4
1215,28,4,3,3,3
1215,40,4,3,4,4
1215,37,2,3,4,4
1215,41,4,4,3,3
1215,63,3,4,4,4
1215,33,5,4,4,4
1215,22,4,4,4,3
1215,30,5,4,4,4
1215,58,5,5,5,3
1215,69,4,4,4,3
1217,57,5,5,5,5
1217,30,2,2,2,2
1217,60,2,2,1,2
1217,61,2,2,2,2
1217,46,5,5,4,5
1217,26,5,4,4,5
1220,58,4,3,3,2
1220,52,5,4,4,3
1220,25,2,2,2,2
1220,24,2,2,2,2
1220,60,4,3,3,2
1220,65,4,2,2,2
1221,49,3,4,3,3
1221,29,1,1,1,1
1221,25,1,1,1,1
1221,23,3,3,3,3
1221,31,5,5,4,3
1221,30,5,5,4,3
1221,26,5,4,4,3
1222,41,4,5,4,5
1222,55,2,2,2,3
1222,69,5,5,5,5
1222,63,4,5,4,5
1223,34,1,3,3,4
1223,46,4,5,4,4
1223,37,2,4,4,4
1223,26,5,4,5,4
1224,28,4,3,3,4
1224,64,2,4,4,2
1224,59,5,5,5,5
1224,61,2,3,3,2
1225,26,4,4,4,4
1225,70,2,2,3,3
1225,40,5,4,4,4
1225,49,5,4,4,4
1225,29,2,2,3,3
1226,25,4,4,4,4
1226,29,2,2,1,2
1226,39,1,2,3,2
1226,22,2,2,2,2
1226,56,2,2,1,2
1226,61,5,4,4,4
1226,58,5,4,5,4
1226,61,4,5,4,4
1226,69,4,4,4,4
1226,62,4,5,3,4
1227,35,3,4,4,4
1227,22,4,3,4,3
1227,33,3,3,4,4
1227,40,3,3,5,3
1227,59,3,3,4,4
1227,51,3,1,4,2
1227,47,5,5,3,2
1227,21,5,5,4,2
1227,26,5,4,3,2
1227,24,1,1,3,4
1227,38,5,5,4,2
1229,29,2,3,3,3
1229,68,5,5,5,3
1229,51,5,5,5,3
1229,30,5,5,5,3
1229,64,2,3,3,3
1229,61,4,4,5,3
1230,33,5,3,4,3
1230,62,4,4,3,3
1230,25,4,4,3,3
1230,28,2,3,3,3
1230,39,2,1,2,2
1230,65,4,4,3,3
1230,39,2,3,3,3
1230,34,2,3,3,3
1230,61,4,3,4,3
1230,68,5,4,3,3
1230,31,5,5,5,4
1233,23,5,5,5,5
1233,50,5,5,5,5
1233,30,5,5,5,5
1233,21,5,5,5,5
1233,60,3,3,3,3
1233,28,3,3,3,3
1233,40,5,5,5,5
1233,64,3,3,3,3
1233,49,5,5,5,5
1233,68,3,3,3,3
1235,25,1,1,1,1
1235,24,2,3,3,2
1235,28,1,1,3,2
1235,51,3,2,3,1
1235,49,5,5,5,4
1235,70,5,5,5,5
1235,66,5,5,5,5
1235,26,5,5,5,4
1236,60,2,2,1,2
1236,31,4,4,3,4
1236,31,5,5,3,2
1236,25,3,3,3,4
1236,37,5,5,5,4
1236,29,2,4,5,2
1236,30,5,5,3,4
1236,40,4,2,3,2
1236,47,5,4,4,4
1236,32,5,5,5,4
1236,49,4,4,3,5
1236,33,5,3,3,4
1236,55,4,4,4,4
1237,49,4,4,3,2
1237,58,5,5,4,3
1237,28,4,5,4,3
1237,22,2,1,2,1
1238,31,4,4,3,5
1238,41,4,5,4,5
1238,38,2,2,2,2
1238,21,3,2,3,3
1239,22,3,2,2,2
1239,29,3,2,2,2
1239,30,5,5,5,5
1239,49,4,4,3,3
1239,36,4,5,4,4
1239,41,4,4,4,4
1240,25,4,4,4,4
1240,25,4,4,4,4
1240,49,4,4,4,4
1240,49,4,4,4,4
1241,58,3,5,5,5
1241,61,3,3,5,4
1241,28,5,5,4,4
1241,26,2,5,5,5
1241,24,1,1,2,3
1241,29,1,1,3,2
1241,69,3,5,5,3
1241,36,1,1,2,2
1241,26,5,5,5,4
1241,22,5,5,4,4
1241,25,5,5,4,4
1244,39,3,3,3,3
1244,21,4,4,4,3
1244,40,2,3,2,2
1244,42,4,4,4,3
1244,38,5,5,5,3
1244,36,2,3,2,2
1245,27,2,1,2,2
1245,31,2,1,2,2
1245,25,4,5,4,4
1245,35,2,1,2,2
1246,52,4,4,4,3
1246,22,1,2,2,3
1246,26,3,2,2,2
1246,55,5,5,5,3
1246,70,5,4,4,2
1246,28,1,2,2,2
1246,68,5,5,5,3
1246,25,4,3,4,2
1248,66,5,4,4,2
1248,28,2,2,3,2
1248,24,3,3,2,2
1248,37,4,2,3,2
1248,67,1,1,2,2
1248,33,5,5,5,4
1248,69,5,5,4,4
1248,59,5,4,5,2
1248,46,5,4,4,3
1248,25,2,3,3,3
1248,30,4,4,4,3
1248,38,1,1,2,2
1249,61,2,2,3,4
1249,21,5,3,4,3
1249,68,4,5,4,3
1249,66,2,3,2,3
1250,67,1,1,3,1
1250,22,1,1,2,1
1250,39,1,1,2,1
1250,37,4,5,4,3
1250,49,1,1,2,1
1250,62,4,4,4,3
1250,53,1,1,2,1
1250,68,4,4,4,4
1250,44,4,4,2,2
1251,63,5,5,5,5
1251,49,5,5,5,5
1251,27,2,3,1,2
1251,40,5,5,5,5
1251,34,5,5,5,5
1251,62,5,5,5,5
1251,23,3,2,1,2
1251,56,5,5,5,5
1253,33,4,5,4,4
1253,32,4,4,4,4
1253,21,2,2,2,2
1253,52,2,1,2,2
1253,23,5,5,5,4
1254,40,4,4,4,5
1254,25,4,4,4,4
1254,59,3,3,3,3
1254,32,4,4,4,5
1254,49,4,4,4,5
1254,41,3,3,3,3
1255,64,1,2,2,1
1255,21,5,5,5,4
1255,27,1,1,1,1
1255,68,2,2,3,1
1256,29,2,4,3,4
1256,25,5,5,4,4
1256,40,4,5,4,5
1256,30,5,5,5,4
1256,36,4,3,3,4
1256,49,4,5,5,4
1256,62,5,5,5,5
1256,41,2,4,4,3
1256,22,3,3,4,3
1256,48,2,2,2,4
1256,49,4,4,3,4
1256,64,2,3,3,4
1256,28,5,4,4,4
1256,56,4,5,4,5
1256,36,5,5,5,4
1257,30,4,4,4,4
1257,26,5,4,4,4
1257,49,1,2,3,2
1257,51,1,2,3,2
1258,27,3,2,3,2
1258,41,5,5,4,4
1258,53,2,2,3,2
1258,61,4,5,5,4
1259,36,1,1,1,1
1259,66,5,5,5,4
1259,51,1,3,2,2
1259,36,3,3,3,2
1259,63,5,5,5,5
1259,42,4,4,3,3
1259,31,5,5,4,3
1259,40,5,5,4,4
1259,23,5,5,5,4
1259,60,5,5,5,5
1259,35,4,4,3,3
1259,30,5,5,5,5
1259,44,2,2,2,2
1259,47,3,3,3,2
1259,62,5,5,4,4
1260,38,4,4,4,4
1260,33,4,4,4,4
1260,61,4,4,4,4
1260,25,5,5,4,4
1260,29,2,1,2,2
1260,56,5,4,4,4
1260,37,5,4,4,4
1260,24,2,1,2,2
1260,49,4,3,4,4
1260,32,4,4,4,4
1260,41,4,4,4,4
1260,35,1,2,2,2
1260,63,5,4,4,4
1262,41,5,5,4,4
1262,23,2,1,2,1
1262,29,1,1,2,1
1262,58,5,5,4,4
1263,57,5,5,4,5
1263,34,4,5,3,5
1263,50,5,5,4,5
1263,65,5,5,4,5
1263,67,5,5,4,5
1263,35,5,5,5,5
1263,56,5,5,4,5
1263,61,2,3,1,1
1263,36,1,2,1,2
1263,66,2,3,2,2
1263,41,5,5,4,4
1263,35,5,4,3,5
1263,33,5,5,2,5
1263,54,5,5,4,4
1263,59,5,5,4,5
1263,34,5,5,4,4
1263,25,5,5,4,5
1263,30,5,5,4,4
1263,31,1,2,1,1
1263,21,5,5,4,5
1264,25,4,3,4,4
1264,38,5,3,4,3
1264,67,5,5,3,4
1264,40,3,4,3,4
1264,23,2,4,3,4
1264,33,2,2,4,3
1264,49,4,4,4,2
1265,64,5,3,5,4
1265,58,2,2,5,3
1265,31,5,3,2,4
1265,49,4,4,5,4
1265,69,5,4,5,5
1265,69,5,5,4,3
1265,33,3,4,2,3
1265,37,3,3,4,2
1265,45,2,4,5,2
1265,36,2,5,3,3
1265,57,3,3,4,5
1265,32,2,2,3,4
1265,26,5,5,3,3
1265,21,5,5,3,2
1265,46,2,3,2,3
1265,25,4,4,5,3
1265,64,2,1,1,2
1265,43,2,5,5,3
1266,31,2,2,3,3
1266,23,5,5,5,4
1266,39,2,2,3,3
1266,58,5,4,5,4
1267,22,1,1,1,1
1267,46,5,5,5,3
1267,36,1,1,1,1
1267,50,5,5,5,3
1268,65,4,5,4,4
1268,21,5,5,3,3
1268,64,2,2,2,3
1268,21,5,5,3,3
1268,65,4,5,4,4
1268,38,2,2,3,3
1268,37,4,4,4,4
1268,38,2,2,3,3
1269,33,4,5,4,4
1269,36,1,1,2,2
1269,63,2,1,2,2
1269,24,2,2,2,2
1269,70,2,2,2,2
1269,30,5,5,5,4
1269,50,2,2,2,2
1269,41,5,5,5,4
1269,63,4,4,5,4
1269,32,4,5,4,4
1269,28,4,5,4,4
1269,30,5,5,4,4
1269,28,5,5,4,4
1272,44,5,5,5,4
1272,57,5,4,4,4
1272,24,1,1,3,4
1272,55,1,3,3,5
1272,67,5,4,5,5
1275,57,2,2,3,2
1275,62,5,5,5,4
1275,31,5,5,5,4
1275,21,4,4,4,4
1275,62,5,5,5,4
1275,31,5,5,5,4
1275,64,2,1,3,2
1275,64,2,1,3,2
1276,25,5,5,5,3
1276,27,2,2,3,2
1276,35,5,5,5,3
1276,24,2,2,3,2
1276,40,5,5,5,3
1276,41,5,5,5,3
1276,30,5,5,4,3
1277,38,2,3,3,3
1277,30,5,5,5,4
1277,26,5,5,5,4
1277,29,2,3,3,3
1277,40,5,5,5,4
1278,23,4,3,3,3
1278,38,5,5,5,5
1278,44,3,3,3,3
1278,24,2,1,1,3
1278,36,2,3,2,3
1278,21,4,4,4,5
1278,32,5,4,4,4
1278,23,4,3,3,3
1278,66,4,4,4,4
1278,36,2,3,2,3
1278,44,3,3,3,3
1278,67,4,4,4,4
1278,56,4,4,3,3
1278,24,2,1,1,3
1278,66,4,4,4,4
1278,30,3,3,3,3
1278,40,5,5,5,5
1278,63,3,4,3,3
1280,54,5,5,4,5
1280,69,5,4,4,4
1280,24,1,1,1,2
1280,58,4,4,4,4
1281,22,1,1,1,1
1281,34,5,4,4,2
1281,63,3,3,2,2
1281,52,1,2,2,1
1281,31,4,4,3,2
1281,29,1,1,2,1
1281,21,1,1,1,1
1281,45,1,1,2,1
1281,28,5,5,3,2
1281,30,1,1,1,1
1281,69,4,4,2,2
1281,26,1,1,1,1
1281,49,5,5,5,2
1281,65,4,3,3,2
1281,38,1,1,1,1
1281,33,4,4,3,2
1281,66,3,3,2,2
1281,53,1,2,2,1
1281,32,1,1,2,1
1281,35,4,4,3,2
1282,57,4,3,3,4
1282,63,5,5,5,3
1282,43,3,3,3,4
1282,55,2,3,3,4
1282,25,5,5,5,3
1282,38,4,4,2,3
1282,44,2,3,2,4
1282,30,5,4,5,3
1282,54,3,4,4,3
1283,40,5,4,4,3
1283,43,4,4,3,3
1283,60,4,3,4,3
1283,36,1,2,2,2
1284,21,1,3,2,2
1284,49,4,4,4,4
1284,35,3,1,1,1
1284,55,4,4,4,4
1285,56,5,5,5,4
1285,24,1,1,1,1
1285,47,1,1,1,1
1285,44,1,1,1,1
1285,30,1,1,1,1
1285,22,1,1,1,1
1287,65,4,4,4,3
1287,52,2,2,2,2
1287,50,5,4,4,3
1287,29,2,2,2,2
1288,21,5,5,5,4
1288,37,1,2,3,2
1288,45,1,1,2,2
1288,62,4,5,5,4
1289,60,5,5,4,5
1289,42,4,4,4,4
1289,66,2,3,2,4
1289,34,1,2,2,3
1293,58,1,3,1,2
1293,69,4,4,4,3
1293,38,2,3,2,3
1293,40,5,5,5,3
1293,54,4,4,4,4
1293,30,5,5,5,4
1293,40,5,5,5,3
1293,38,2,3,2,3
1293,30,5,5,5,4
1293,54,4,4,4,4
1293,49,1,3,1,2
1295,63,4,4,4,4
1295,41,2,2,2,2
1295,67,5,5,5,5
1295,30,5,5,5,5
1295,28,2,2,2,2
1295,37,2,2,2,2
1297,66,5,4,4,5
1297,40,5,4,5,4
1297,61,2,2,2,2
1297,58,2,2,2,2
1298,53,2,3,3,3
1298,33,5,4,4,3
1298,62,5,4,4,3
1298,29,2,3,3,3
1299,35,3,2,3,1
1299,26,5,4,4,5
1299,27,4,5,5,5
1299,33,3,2,2,1
1300,49,5,5,5,3
1300,49,5,5,5,3
1300,39,1,1,1,1
1300,65,5,5,5,3
1300,65,5,5,5,3
1300,48,1,1,1,1
1300,48,1,1,1,1
1300,25,5,5,4,3
1301,29,2,3,3,4
1301,29,1,2,3,2
1301,56,5,4,4,5
1301,25,5,5,4,4
1301,49,5,4,4,5
1301,63,4,5,4,4
1301,24,1,2,1,4
1301,51,2,3,3,4
1302,51,5,3,3,3
1302,38,5,5,4,4
1302,61,4,4,4,4
1302,40,4,4,3,4
1302,37,2,3,2,2
1302,28,4,4,4,3
1304,69,4,4,3,3
1304,66,3,3,1,1
1304,51,5,5,2,2
1304,45,1,1,1,1
1304,41,1,4,1,1
1305,70,5,5,5,2
1305,54,1,4,3,4
1305,59,2,4,4,3
1305,65,4,5,3,3
1306,25,4,4,4,4
1306,30,4,4,4,4
1306,40,2,2,3,3
1306,39,2,3,3,3
1307,27,2,2,3,3
1307,22,1,3,3,3
1307,33,4,5,4,4
1307,59,1,2,3,3
1308,58,4,4,4,4
1308,64,4,4,4,4
1308,66,2,2,3,4
1308,57,2,2,3,4
1309,48,2,3,3,3
1309,60,5,5,5,4
1309,31,2,3,3,3
1309,25,5,4,4,4
1309,59,2,3,3,3
1309,21,5,4,4,4
1309,22,2,3,3,3
1310,41,4,4,4,4
1310,48,2,2,3,2
1310,27,2,2,3,2
1310,31,4,4,4,4
1311,53,1,3,3,3
1311,49,5,4,5,4
1311,69,5,4,5,4
1311,21,5,4,5,4
1312,28,5,5,5,5
1312,30,5,5,5,5
1312,31,5,5,5,5
1312,27,3,3,4,4
1312,34,3,3,4,5
1312,35,5,5,5,4
1312,53,2,2,3,3
1312,45,1,2,3,3
1312,57,4,3,5,3
1312,27,2,4,4,4
1312,61,5,5,5,5
1312,33,3,3,4,5
1312,29,5,4,5,5
1312,58,5,5,2,5
1312,64,5,3,5,5
1312,29,5,5,5,5
1312,31,5,5,5,4
1313,38,5,4,4,4
1313,49,4,5,5,3
1313,22,2,4,5,5
1313,21,3,3,4,4
1314,55,2,3,3,3
1314,58,2,2,3,3
1314,57,4,4,5,3
1314,60,5,5,5,4
1315,69,3,3,4,3
1315,45,2,3,2,2
1315,51,2,2,3,3
1315,62,2,2,3,2
1316,67,4,4,4,3
1316,60,4,4,4,3
1316,64,4,4,4,3
1316,27,3,3,3,3
1316,55,4,4,4,3
1316,32,3,3,3,2
1317,26,4,4,4,4
1317,38,5,5,5,3
1317,28,1,3,4,4
1317,34,5,5,5,3
1317,47,5,5,5,3
1317,57,5,5,5,3
1317,60,5,4,5,3
1317,53,1,3,4,3
1318,21,4,4,3,4
1318,23,4,3,3,4
1318,26,5,3,4,3
1318,38,3,3,4,3
1318,69,4,3,4,3
1318,40,5,4,3,3
1318,25,2,3,3,3
1318,42,3,4,5,4
1318,35,4,4,4,3
1318,38,2,4,3,4
1318,47,4,3,2,4
1318,42,2,4,3,4
1318,28,4,3,3,4
1318,29,5,4,3,4
1318,60,5,4,3,4
1319,25,4,5,3,2
1319,53,1,1,1,1
1319,43,3,3,2,3
1319,26,4,3,1,3
1319,33,3,4,4,4
1319,70,4,2,1,1
1319,29,2,2,3,3
1319,65,4,4,1,3
1320,21,5,5,3,3
1320,64,2,2,4,4
1320,70,4,3,4,3
1320,24,1,1,4,4
1320,50,3,3,5,4
1320,59,4,3,4,3
1321,47,4,4,2,3
1321,33,4,4,3,3
1321,69,4,4,4,3
1321,67,1,2,2,3
1322,25,5,2,3,3
1322,49,5,4,3,3
1322,34,5,2,3,3
1322,21,5,5,3,3
1322,40,5,4,3,3
1322,54,5,4,3,3
1322,70,5,5,3,3
1322,53,3,3,4,3
1322,69,5,5,3,3
1322,32,5,3,3,3
1322,68,5,2,3,3
1323,30,4,4,3,4
1323,23,4,4,3,4
1323,24,2,2,2,2
1323,40,4,4,4,5
1323,32,4,5,4,3
1323,35,2,2,2,2
1323,62,4,4,4,4
1324,25,5,5,4,3
1324,24,2,3,2,2
1324,58,3,4,3,3
1324,40,5,5,4,3
1324,39,2,4,3,3
1325,54,2,3,3,3
1325,21,4,4,3,2
1325,26,2,3,3,3
1325,30,5,5,4,3
1326,69,4,3,4,4
1326,28,4,4,3,4
1326,43,5,4,5,3
1326,21,5,4,4,3
1326,24,2,3,3,2
1326,68,2,3,3,2
1326,54,4,4,4,4
1326,32,4,4,4,4
1326,40,5,4,5,3
1327,24,1,4,3,4
1327,30,5,5,5,2
1327,34,2,3,4,4
1327,65,5,4,5,3
1327,36,1,2,2,5
1328,51,3,5,3,4
1328,36,3,4,4,4
1328,44,3,3,4,2
1328,47,5,3,4,3
1328,46,3,4,3,2
1328,26,5,5,3,2
1328,58,3,4,3,4
1328,50,5,4,4,1
1329,40,2,3,3,3
1329,39,3,3,3,3
1329,25,4,4,4,3
1329,22,2,3,4,3
1330,51,5,4,4,4
1330,51,5,5,4,3
1330,28,5,3,4,3
1330,38,4,5,3,2
1330,36,1,2,3,3
1330,68,3,2,2,2
1330,47,2,2,3,3
1330,66,5,4,3,2
1330,32,5,5,5,3
1330,30,5,5,5,3
1330,68,1,2,2,3
1330,63,4,1,5,3
1330,61,5,4,4,3
1330,21,4,4,4,4
1330,62,2,2,3,3
1330,57,4,4,5,3
1330,58,4,4,4,4
1330,42,5,3,3,2
1330,41,2,2,3,4
1330,70,3,3,3,2
1331,22,2,1,3,3
1331,70,1,1,3,3
1331,36,3,4,4,3
1331,59,1,1,3,3
1331,35,2,2,4,3
1331,58,4,5,4,4
